{
    "rmse": 0.6909721156474088,
    "mae": 0.5445606076817692,
    "r2": 0.21729941560506805
}