{
    "rmse": 0.7019414348208947,
    "mae": 0.5364712216430089,
    "r2": 0.2665374896082523
}